x,y,fitness,time
-7.666211244693954e-11,-1.4675553425951137e-09,0.0,0.6546711921691895
