x,y,fitness,time
-8.872109941383856e-11,2.322329653240878e-10,0.0,0.4866163730621338
