x,y,fitness,time
4.4529175356818126e-10,-7.653299306300049e-10,0.0,0.13890910148620605
